https://virtualizationreview.com/articles/2023/01/18/docker-apps-1.aspx,"Running Apps in Docker, Part 1: Instantiation and Using PostgreSQL",18-Jan-23
https://virtualizationreview.com/articles/2023/02/08/cron-linux.aspx,Automating Routine Tasks in Linux,8-Feb-23
https://virtualizationreview.com/articles/2023/02/13/quadra-inovato.aspx,A Cool Inovato Quadra,13-Feb-23
https://virtualizationreview.com/articles/2023/03/24/vcsa-backup.aspx,Backing up the vCenter Server Appliance for Free,24-Mar-23
https://virtualizationreview.com/articles/2023/03/30/thin-native-client-testing.aspx,Thin or Native VDI Client? Measuring OS Resource Intensity Levels Helps Decide,30-Mar-23
https://virtualizationreview.com/articles/2023/04/28/frontline.aspx,Microsoft Announces Multi-User Capabilities for Windows Cloud PC,28-Apr-23
https://virtualizationreview.com/articles/2023/05/10/ubuntu-lunar-lobster.aspx,Ubuntu 23.04 'Lunar Lobster' Released,10-May-23
https://virtualizationreview.com/articles/2023/06/15/bios-info.aspx,Programmatically Obtaining BIOS Information,15-Jun-23
https://virtualizationreview.com/articles/2023/07/03/winiot.aspx,What Is Windows IoT?,3-Jul-23
https://virtualizationreview.com/articles/2023/07/07/hands-on-windows-iot.aspx,Hands-On with a Windows IoT Device,7-Jul-23
https://virtualizationreview.com/articles/2023/08/01/performant-nuc.aspx,How Performant Is the NUC 13 Pro Desk Edition?,1-Aug-23
https://virtualizationreview.com/articles/2023/08/03/workstation-nuc.aspx,Installing and Running VMware Workstation 17 Pro on a NUC 13 Pro Desk Edition,3-Aug-23
https://virtualizationreview.com/articles/2023/08/31/workstation-autostart.aspx,How to Autostart VMware Workstation VMs,31-Aug-23
https://virtualizationreview.com/articles/2023/09/07/workstation-info.aspx,How to Pass Host Hardware Information to a VMware Workstation VM,8-Sep-23
https://virtualizationreview.com/articles/2023/10/03/nuc-replacement-3.aspx,Running VMware Workstation on a Low-Cost Mini PC,3-Oct-23
https://virtualizationreview.com/articles/2023/10/05/nuc-replacement-4.aspx,Running ESXi on an ACEMAGIC AD15 Mini PC,5-Oct-23
https://virtualizationreview.com/articles/2023/10/13/vmware-explore-europe.aspx,Why You Need to Attend VMware Explore Europe 2023,13-Oct-23
https://virtualizationreview.com/articles/2023/10/20/terramaster-review.aspx,TerraMaster F2-212: A Low-Cost Home and Lab Personal Cloud Solution,20-Oct-23
https://virtualizationreview.com/articles/2023/10/25/terramaster3.aspx,"TerraMaster F2-212, Part 3: Low-Cost vSphere VM Backup Device",25-Oct-23
https://virtualizationreview.com/articles/2023/12/14/workstation-vm-minipc.aspx,Performance of VMware Workstation 17 VMs on a SimplyNUC Mini-PC,14-Dec-23
,,
,,
,,
,,
,,
,,
,,
,,
,,
,,
,,
,,
,,
,,
,,
,,
,,
,,
,,
,,
,,
,,
,,
,,
,,
,,
,,
,,
,,
