https://www.storagereview.com/news/day-one-at-euc-world-amplify,Day One at EUC World Amplify,6-Aug-25
https://www.storagereview.com/news/day-three-at-euc-world-amplify-2025,Day Three at EUC World Amplify 2025,11-Aug-25
https://www.storagereview.com/news/day-two-at-euc-world-amplify-2025,Day Two at EUC World Amplify 2025,7-Aug-25
https://www.storagereview.com/news/dell-driving-innovation-to-the-edge,Dell Driving Innovation to the Edge,2-Oct-23
https://www.storagereview.com/news/euc-leaders-and-innovators-acium-another-way-to-secure-web-browsers,Acium - Another Way to Secure Web Browsers,3-Dec-24
https://www.storagereview.com/news/igel-disrupt-2024-provides-a-view-to-future-direction,IGEL Disrupt 2024 Provides A View To Future Direction,16-May-24
https://www.storagereview.com/news/leaders-and-innovators-in-euc-aws-and-the-modern-desktop,Leaders and Innovators in EUC – AWS and The Modern ...,10-Jun-24
https://www.storagereview.com/news/leaders-and-innovators-in-euc-island-on-enterprise-browsers,Leaders and Innovators in EUC – Island on Enterprise ...,7-Jun-24
https://www.storagereview.com/news/leaders-and-innovators-in-euc-lenovo-and-the-future-of-end-user-computing,Leaders and Innovators in EUC: Lenovo and The Future of ...,29-May-24
https://www.storagereview.com/news/storagereview-official-media-sponsor-of-euc-world-amplify-2025,Official Media Sponsor of EUC World Amplify 2025,14-Jul-25
https://www.storagereview.com/podcast/49-tom-fenton-truenas-hp-zcentral-remote-intel-nucs,"49: Tom Fenton - TrueNAS, HP ZCentral Remote, Intel NUCs",29-May-20
https://www.storagereview.com/podcast/podcast-132-igel-future-proof-solutions-for-end-user-computing-deployments,Podcast #132: IGEL Future-Proof Solutions For End-User ...,3-Sep-24
https://www.storagereview.com/review/breathing-new-life-into-old-devices-with-windows-11-on-amazon-workspaces,Breathing new Life into Old Devices with Windows 11 on ...,9-Jul-25
https://www.storagereview.com/review/euc-leaders-and-innovators-dex-originator-nexthink,"EUC Leaders and Innovators: DEX Originator, Nexthink",11-Sep-24
https://www.storagereview.com/review/how-aws-workspaces-meet-todays-corporate-desktop-challenges,How Amazon WorkSpaces Meet Today's Corporate ...,14-Oct-24
https://www.storagereview.com/review/leaders-and-innovators-in-euc-apporto-a-virtual-desktop-innovator,Leaders and Innovators in EUC – Apporto a Virtual ...,26-Jun-24
https://www.storagereview.com/review/seven-things-to-love-about-arc-enabled-sql-managed-instances,Seven Things to Love About Arc-enabled SQL Managed ...,13-Jul-23
